<?xml version="1.0" encoding="UTF-8" ?>
<XMLDB PATH="local/scholarwatch/db" VERSION="2025061302" COMMENT="XMLDB file for Moodle local/scholarwatch"
    xmlns:xsi="http://www.w3.org/2001/XMLSchema-instance"
    xsi:noNamespaceSchemaLocation="../../../lib/xmldb/xmldb.xsd">
  <TABLES>
    <TABLE NAME="local_scholarwatch_user" COMMENT="ScholarWatch users table">
      <FIELDS>
        <FIELD NAME="id" TYPE="int" LENGTH="10" NOTNULL="true" SEQUENCE="true"/>
        <FIELD NAME="name" TYPE="char" LENGTH="255" NOTNULL="true"/>
        <FIELD NAME="email" TYPE="char" LENGTH="255" NOTNULL="true"/>
        <FIELD NAME="password" TYPE="char" LENGTH="45" NOTNULL="true"/>
        <FIELD NAME="usertype" TYPE="char" LENGTH="10" NOTNULL="true"/>
        <FIELD NAME="threshold" TYPE="number" LENGTH="10" DECIMALS="2"/>
        <FIELD NAME="status" TYPE="char" LENGTH="255" DEFAULT="Active" NOTNULL="true"/>
        <FIELD NAME="nationality" TYPE="char" LENGTH="255" DEFAULT="Pakistani" NOTNULL="true"/>
        <FIELD NAME="gender" TYPE="char" LENGTH="10" DEFAULT="Male" NOTNULL="true"/>
        <FIELD NAME="dob" TYPE="int" LENGTH="10"/>
        <FIELD NAME="mobilenumber" TYPE="char" LENGTH="15" DEFAULT="+92 300 1234567" NOTNULL="true"/>
      </FIELDS>
      <KEYS>
        <KEY NAME="primary" TYPE="primary" FIELDS="id"/>
        <KEY NAME="email_unique" TYPE="unique" FIELDS="email"/>
        <KEY NAME="password_unique" TYPE="unique" FIELDS="password"/>
      </KEYS>
    </TABLE>

    <TABLE NAME="local_scholarwatch_course" COMMENT="ScholarWatch courses table">
      <FIELDS>
        <FIELD NAME="id" TYPE="int" LENGTH="10" NOTNULL="true" SEQUENCE="true"/>
        <FIELD NAME="name" TYPE="char" LENGTH="255" NOTNULL="true"/>
        <FIELD NAME="teacherid" TYPE="int" LENGTH="10" NOTNULL="true"/>
      </FIELDS>
      <KEYS>
        <KEY NAME="primary" TYPE="primary" FIELDS="id"/>
        <KEY NAME="teacher_fk" TYPE="foreign" FIELDS="teacherid" REFTABLE="local_scholarwatch_user" REFFIELDS="id"/>
      </KEYS>
    </TABLE>

    <TABLE NAME="local_scholarwatch_session" COMMENT="ScholarWatch sessions table">
      <FIELDS>
        <FIELD NAME="id" TYPE="int" LENGTH="10" NOTNULL="true" SEQUENCE="true"/>
        <FIELD NAME="sessiontype" TYPE="char" LENGTH="10" NOTNULL="true"/>
        <FIELD NAME="courseid" TYPE="int" LENGTH="10" NOTNULL="true"/>
        <FIELD NAME="userid" TYPE="int" LENGTH="10" NOTNULL="true"/>
        <FIELD NAME="sessiondate" TYPE="int" LENGTH="10" NOTNULL="true"/>
        <FIELD NAME="starttimestamp" TYPE="int" LENGTH="10" NOTNULL="true"/>
        <FIELD NAME="endtimestamp" TYPE="int" LENGTH="10" NOTNULL="true"/>
      </FIELDS>
      <KEYS>
        <KEY NAME="primary" TYPE="primary" FIELDS="id"/>
        <KEY NAME="course_fk" TYPE="foreign" FIELDS="courseid" REFTABLE="local_scholarwatch_course" REFFIELDS="id"/>
        <KEY NAME="user_fk" TYPE="foreign" FIELDS="userid" REFTABLE="local_scholarwatch_user" REFFIELDS="id"/>
      </KEYS>
    </TABLE>

    <TABLE NAME="local_scholarwatch_lecture" COMMENT="ScholarWatch lectures table">
      <FIELDS>
        <FIELD NAME="id" TYPE="int" LENGTH="10" NOTNULL="true" SEQUENCE="true"/>
        <FIELD NAME="sessionid" TYPE="int" LENGTH="10" NOTNULL="true"/>
        <FIELD NAME="courseid" TYPE="int" LENGTH="10" NOTNULL="true"/>
        <FIELD NAME="lecturename" TYPE="char" LENGTH="255" NOTNULL="true"/>
        <FIELD NAME="directorypath" TYPE="char" LENGTH="255" NOTNULL="true"/>
        <FIELD NAME="slidecount" TYPE="int" LENGTH="10" NOTNULL="true"/>
        <FIELD NAME="starttimestamp" TYPE="int" LENGTH="10"/>
        <FIELD NAME="endtimestamp" TYPE="int" LENGTH="10"/>
      </FIELDS>
      <KEYS>
        <KEY NAME="primary" TYPE="primary" FIELDS="id"/>
        <KEY NAME="session_fk" TYPE="foreign" FIELDS="sessionid" REFTABLE="local_scholarwatch_session" REFFIELDS="id"/>
        <KEY NAME="course_fk" TYPE="foreign" FIELDS="courseid" REFTABLE="local_scholarwatch_course" REFFIELDS="id"/>
      </KEYS>
    </TABLE>

    <TABLE NAME="local_scholarwatch_slide" COMMENT="ScholarWatch slides table">
      <FIELDS>
        <FIELD NAME="id" TYPE="int" LENGTH="10" NOTNULL="true" SEQUENCE="true"/>
        <FIELD NAME="lectureid" TYPE="int" LENGTH="10" NOTNULL="true"/>
        <FIELD NAME="slidenumber" TYPE="int" LENGTH="10" NOTNULL="true"/>
        <FIELD NAME="focusduration" TYPE="number" LENGTH="10" DECIMALS="2" NOTNULL="true"/>
      </FIELDS>
      <KEYS>
        <KEY NAME="primary" TYPE="primary" FIELDS="id"/>
        <KEY NAME="lecture_fk" TYPE="foreign" FIELDS="lectureid" REFTABLE="local_scholarwatch_lecture" REFFIELDS="id"/>
      </KEYS>
    </TABLE>

    <TABLE NAME="local_scholarwatch_quiz" COMMENT="ScholarWatch quizzes table">
      <FIELDS>
        <FIELD NAME="id" TYPE="int" LENGTH="10" NOTNULL="true" SEQUENCE="true"/>
        <FIELD NAME="sessionid" TYPE="int" LENGTH="10" NOTNULL="true"/>
        <FIELD NAME="lectureid" TYPE="int" LENGTH="10" NOTNULL="true"/>
        <FIELD NAME="userid" TYPE="int" LENGTH="10" NOTNULL="true"/>
        <FIELD NAME="generateddate" TYPE="int" LENGTH="10" NOTNULL="true"/>
        <FIELD NAME="attemptcount" TYPE="int" LENGTH="10" NOTNULL="true"/>
        <FIELD NAME="invalidationcount" TYPE="int" LENGTH="10" NOTNULL="true"/>
        <FIELD NAME="invalidationreason" TYPE="char" LENGTH="255"/>
        <FIELD NAME="allotedtime" TYPE="int" LENGTH="10" NOTNULL="true"/>
        <FIELD NAME="contentid" TYPE="int" LENGTH="10"/>
        <FIELD NAME="is_invalid" TYPE="int" LENGTH="1"/>
      </FIELDS>
      <KEYS>
        <KEY NAME="primary" TYPE="primary" FIELDS="id"/>
        <KEY NAME="session_fk" TYPE="foreign" FIELDS="sessionid" REFTABLE="local_scholarwatch_session" REFFIELDS="id"/>
        <KEY NAME="lecture_fk" TYPE="foreign" FIELDS="lectureid" REFTABLE="local_scholarwatch_lecture" REFFIELDS="id"/>
        <KEY NAME="user_fk" TYPE="foreign" FIELDS="userid" REFTABLE="local_scholarwatch_user" REFFIELDS="id"/>
      </KEYS>
    </TABLE>

    <TABLE NAME="local_scholarwatch_quizquestion" COMMENT="ScholarWatch quiz questions table">
      <FIELDS>
        <FIELD NAME="id" TYPE="int" LENGTH="10" NOTNULL="true" SEQUENCE="true"/>
        <FIELD NAME="quizid" TYPE="int" LENGTH="10" NOTNULL="true"/>
        <FIELD NAME="questiontext" TYPE="text" NOTNULL="true"/>
        <FIELD NAME="correctanswer" TYPE="char" LENGTH="255" NOTNULL="true"/>
        <FIELD NAME="studentanswer" TYPE="char" LENGTH="255"/>
        <FIELD NAME="iscorrect" TYPE="int" LENGTH="1" NOTNULL="true"/>
      </FIELDS>
      <KEYS>
        <KEY NAME="primary" TYPE="primary" FIELDS="id"/>
        <KEY NAME="quiz_fk" TYPE="foreign" FIELDS="quizid" REFTABLE="local_scholarwatch_quiz" REFFIELDS="id"/>
      </KEYS>
    </TABLE>

    <TABLE NAME="local_scholarwatch_attendance" COMMENT="ScholarWatch attendance table">
      <FIELDS>
        <FIELD NAME="id" TYPE="int" LENGTH="10" NOTNULL="true" SEQUENCE="true"/>
        <FIELD NAME="userid" TYPE="int" LENGTH="10" NOTNULL="true"/>
        <FIELD NAME="sessionid" TYPE="int" LENGTH="10" NOTNULL="true"/>
        <FIELD NAME="date" TYPE="int" LENGTH="10" NOTNULL="true"/>
        <FIELD NAME="ispresent" TYPE="int" LENGTH="1" NOTNULL="true"/>
        <FIELD NAME="courseid" TYPE="int" LENGTH="10"/>
      </FIELDS>
      <KEYS>
        <KEY NAME="primary" TYPE="primary" FIELDS="id"/>
        <KEY NAME="userid_fk" TYPE="foreign" FIELDS="userid" REFTABLE="local_scholarwatch_user" REFFIELDS="id"/>
        <KEY NAME="session_fk" TYPE="foreign" FIELDS="sessionid" REFTABLE="local_scholarwatch_session" REFFIELDS="id"/>
        <KEY NAME="course_fk" TYPE="foreign" FIELDS="courseid" REFTABLE="local_scholarwatch_course" REFFIELDS="id"/>
      </KEYS>
    </TABLE>

    <TABLE NAME="local_scholarwatch_activity" COMMENT="ScholarWatch activity tracking table">
      <FIELDS>
        <FIELD NAME="id" TYPE="int" LENGTH="10" NOTNULL="true" SEQUENCE="true"/>
        <FIELD NAME="userid" TYPE="int" LENGTH="10" NOTNULL="true"/>
        <FIELD NAME="sessionid" TYPE="int" LENGTH="10" NOTNULL="true"/>
        <FIELD NAME="slideid" TYPE="int" LENGTH="10" NOTNULL="true"/>
        <FIELD NAME="focustime" TYPE="number" LENGTH="10" DECIMALS="2" NOTNULL="true"/>
        <FIELD NAME="unfocustime" TYPE="number" LENGTH="10" DECIMALS="2" NOTNULL="true"/>
        <FIELD NAME="slouchingtime" TYPE="number" LENGTH="10" DECIMALS="2" NOTNULL="true"/>
        <FIELD NAME="attentivetime" TYPE="number" LENGTH="10" DECIMALS="2" NOTNULL="true"/>
        <FIELD NAME="lookinglefttime" TYPE="number" LENGTH="10" DECIMALS="2" NOTNULL="true"/>
        <FIELD NAME="lookingrighttime" TYPE="number" LENGTH="10" DECIMALS="2" NOTNULL="true"/>
        <FIELD NAME="phoneusagetime" TYPE="number" LENGTH="10" DECIMALS="2" NOTNULL="true"/>
        <FIELD NAME="drowsytime" TYPE="number" LENGTH="10" DECIMALS="2" NOTNULL="true"/>
        <FIELD NAME="awaketime" TYPE="number" LENGTH="10" DECIMALS="2" NOTNULL="true"/>
        <FIELD NAME="timestamp" TYPE="int" LENGTH="10" NOTNULL="true"/>
      </FIELDS>
      <KEYS>
        <KEY NAME="primary" TYPE="primary" FIELDS="id"/>
        <KEY NAME="userid_fk" TYPE="foreign" FIELDS="userid" REFTABLE="local_scholarwatch_user" REFFIELDS="id"/>
        <KEY NAME="session_fk" TYPE="foreign" FIELDS="sessionid" REFTABLE="local_scholarwatch_session" REFFIELDS="id"/>
        <KEY NAME="slide_fk" TYPE="foreign" FIELDS="slideid" REFTABLE="local_scholarwatch_slide" REFFIELDS="id"/>
      </KEYS>
    </TABLE>

    <TABLE NAME="local_scholarwatch_analytics" COMMENT="ScholarWatch analytics table">
      <FIELDS>
        <FIELD NAME="id" TYPE="int" LENGTH="10" NOTNULL="true" SEQUENCE="true"/>
        <FIELD NAME="userid" TYPE="int" LENGTH="10" NOTNULL="true"/>
        <FIELD NAME="sessionid" TYPE="int" LENGTH="10" NOTNULL="true"/>
        <FIELD NAME="weaktopics" TYPE="text" NOTNULL="true"/>
        <FIELD NAME="averagefocus" TYPE="number" LENGTH="10" DECIMALS="2" NOTNULL="true"/>
        <FIELD NAME="performancescore" TYPE="number" LENGTH="10" DECIMALS="2" NOTNULL="true"/>
        <FIELD NAME="improvementsuggestions" TYPE="text" NOTNULL="true"/>
      </FIELDS>
      <KEYS>
        <KEY NAME="primary" TYPE="primary" FIELDS="id"/>
        <KEY NAME="userid_fk" TYPE="foreign" FIELDS="userid" REFTABLE="local_scholarwatch_user" REFFIELDS="id"/>
        <KEY NAME="session_fk" TYPE="foreign" FIELDS="sessionid" REFTABLE="local_scholarwatch_session" REFFIELDS="id"/>
      </KEYS>
    </TABLE>

    <TABLE NAME="local_scholarwatch_posturedetection" COMMENT="ScholarWatch posture detection table">
      <FIELDS>
        <FIELD NAME="id" TYPE="int" LENGTH="10" NOTNULL="true" SEQUENCE="true"/>
        <FIELD NAME="sessionid" TYPE="int" LENGTH="10" NOTNULL="true"/>
        <FIELD NAME="goodposturetime" TYPE="number" LENGTH="10" DECIMALS="4" NOTNULL="true"/>
        <FIELD NAME="slouchingtime" TYPE="number" LENGTH="10" DECIMALS="4" NOTNULL="true"/>
        <FIELD NAME="lookinglefttime" TYPE="number" LENGTH="10" DECIMALS="4" NOTNULL="true"/>
        <FIELD NAME="lookingrighttime" TYPE="number" LENGTH="10" DECIMALS="4" NOTNULL="true"/>
        <FIELD NAME="usingphonetime" TYPE="number" LENGTH="10" DECIMALS="4" NOTNULL="true"/>
        <FIELD NAME="createdat" TYPE="int" LENGTH="10"/>
      </FIELDS>
      <KEYS>
        <KEY NAME="primary" TYPE="primary" FIELDS="id"/>
        <KEY NAME="session_fk" TYPE="foreign" FIELDS="sessionid" REFTABLE="local_scholarwatch_session" REFFIELDS="id"/>
      </KEYS>
    </TABLE>

    <TABLE NAME="local_scholarwatch_attention" COMMENT="ScholarWatch attention tracking table">
      <FIELDS>
        <FIELD NAME="id" TYPE="int" LENGTH="10" NOTNULL="true" SEQUENCE="true"/>
        <FIELD NAME="moduleid" TYPE="int" LENGTH="10" NOTNULL="true"/>
        <FIELD NAME="awaketime" TYPE="number" LENGTH="10" DECIMALS="2"/>
        <FIELD NAME="drowsytime" TYPE="number" LENGTH="10" DECIMALS="2"/>
        <FIELD NAME="focusedtime" TYPE="number" LENGTH="10" DECIMALS="2"/>
        <FIELD NAME="unfocusedtime" TYPE="number" LENGTH="10" DECIMALS="2"/>
      </FIELDS>
      <KEYS>
        <KEY NAME="primary" TYPE="primary" FIELDS="id"/>
      </KEYS>
    </TABLE>
  </TABLES>
</XMLDB>